ean;cena_brutto
8595602545841;13,36
8595602545834;13,36
8595602545827;13,36
8595602545810;13,36
Brit Care przysmaki dla kotów;
8595602521371;3,76
8595602521395;3,76
8595602539413;3,76
8595602539420;3,76
8595602539437;3,76
8595602521388;3,76
8595602521432;3,76
8595602521425;3,76
8595602521449;3,76
8595602521463;3,76
8595602521470;3,76
8595602538270;3,76
Brit Care mokre karmy dla kotów w saszetkach;
8595602545506;3,24
8595602545520;3,24
8595602545544;3,24
8595602545513;3,24
8595602545537;3,24
8595602545490;3,24
8595602541706;26,26
8595602541195;2,37
8595602540518;2,37
8595602540532;2,37
8595602540525;2,37
8595602540488;2,37
8595602540501;2,37
8595602541690;26,26
8595602540563;2,37
8595602540587;2,37
8595602540594;2,37
8595602540549;2,37
8595602540570;2,37
8595602540556;2,37
Brit Care suche karmy dla kotów;
8595602540839;10,02
8595602540822;41,62
8595602540815;101,35
8595602540891;10,80
8595602540884;43,68
8595602540877;108,44
8595602540860;10,02
8595602540853;41,62
8595602540846;101,35
8595602540686;10,02
8595602540679;41,62
8595602540662;101,35
8595602540921;10,80
8595602540914;43,68
8595602540907;108,44
8595602540952;10,02
8595602540945;41,62
8595602540938;101,35
8595602540716;10,80
8595602540709;43,68
8595602540693;108,44
8595602540778;11,75
8595602540761;45,69
8595602540754;112,42
8595602540747;10,02
8595602540730;41,62
8595602540723;101,35
8595602540808;10,02
8595602540792;41,62
8595602540785;101,35
Brit Care przysmaki funkcyjne dla psów;
8595602540013;7,65
8595602539949;7,65
8595602540006;7,65
8595602539970;7,65
8595602539956;7,65
8595602539994;7,65
8595602539932;7,65
8595602540020;7,65
8595602539987;7,65
8595602539963;7,65
Brit Care suche karmy dla psów ras małych i miniaturowych;
8595602520114;9,02
8595602520107;31,26
8595602520121;104,63
8595602520237;9,02
8595602520220;31,26
8595602520244;104,63
8595602521074;9,44
8595602521067;34,02
8595602521081;109,16
8595602520145;9,44
8595602520138;34,02
8595602520152;109,16
8595602520176;9,44
8595602520169;34,02
8595602520183;109,16
8595602520206;9,02
8595602520190;31,26
8595602520213;104,63
Brit Care mokre karmy dla psów ras małych i miniaturowych w saszetkach;
8595602534425;2,26
8595602534401;2,26
8595602534418;2,26
8595602534432;2,26
8595602534449;2,26
8595602534456;2,26
Brit Care mleko dla szczeniąt i kociąt;
8595602525065;29,17
8595602518197;23,31
8595602518203;42,74
8595602518210;69,94
Brit Care suche karmy dla psów ;
8595602509980;14,79
8595602509973;39,46
8595602509966;133,63
8595602509904;15,19
8595602509898;39,46
8595602509881;92,09
8595602510429;14,81
8595602510412;42,44
8595602510405;135,61
8595602510382;14,64
8595602510375;42,76
8595602510368;135,61
8595602510207;15,89
8595602510191;43,44
8595602510184;145,75
8595602510160;15,57
8595602510153;42,62
8595602510139;142,86
8595602510245;15,96
8595602510238;43,76
8595602510221;146,92
8595602510115;16,28
8595602510108;44,66
8595602510092;150,12
8595602510078;16,59
8595602510061;45,42
8595602510047;152,93
8595602510290;15,89
8595602510283;43,34
8595602510269;145,45
8595602509850;15,62
8595602509843;42,76
8595602509836;141,29
8595602509942;14,83
8595602509935;39,46
8595602509928;131,64
8595602509812;15,62
8595602509805;42,76
8595602509799;141,29
8595602510023;14,79
8595602510016;39,46
8595602510009;131,64
8595602510825;17,64
8595602510818;43,66
8595602510801;153,34
8595602510344;15,69
8595602510337;42,63
8595602510313;135,61
Brit Care olej z łososia;
8594031442868;34,04
8594031442844;21,77
8594031442851;25,90
Brit Premium mokre karmy dla kotów w saszetkach;
8595602505982;1,45
8595602506033;1,45
8595602506019;1,45
8595602506002;1,45
8595602506026;1,45
8595602505999;1,45
8595602506255;15,69
8595602506248;5,27
8595602506262;5,27
Brit Premium suche karmy dla kotów;
8595602513062;5,62
8595602513079;10,74
8595602513086;17,83
8595602513093;70,05
8595602513109;5,62
8595602513116;10,74
8595602513123;17,83
8595602513130;70,05
8595602513222;5,62
8595602513239;10,74
8595602513246;17,83
8595602513253;70,05
8595602513024;5,62
8595602513031;10,74
8595602513048;17,83
8595602513055;70,05
8595602513260;5,62
8595602513277;10,74
8595602513284;17,83
8595602513291;70,05
8595602513307;5,62
8595602513314;10,74
8595602513321;17,83
8595602513338;70,05
8595602513185;5,62
8595602513192;10,74
8595602513208;17,83
8595602513215;70,05
8595602513147;5,62
8595602513154;10,74
8595602513161;17,83
8595602513178;70,05
Brit Premium mokre karmy dla kotów w saszetkach;
8595602518555;1,45
8595602518524;1,45
8595602518548;1,45
8595602518531;1,45
8595602518579;1,45
8595602518562;1,45
8595602518470;1,45
8595602518463;1,45
8595602518487;1,45
8595602518494;1,45
8595602519415;5,22
8595602519422;15,39
8595602519392;5,22
8595602519408;15,39
Brit Fish Dreams mokre karmy dla kotów w puszkach ;0,00
8595602526116;3,25
8595602526109;3,25
8595602526123;3,25
8595602526130;3,25
8595602526147;3,25
8595602526154;3,25
8595602543694;14,29
8595602543687;7,85
8595602543670;14,29
8595602543663;7,85
8595602543809;14,29
8595602543793;7,85
8595602543762;7,85
8595602543755;7,85
8595602543786;7,85
8595602543717;14,29
8595602543700;7,85
8595602543830;7,85
8595602543779;8,34
8595602543724;7,85
8595602543823;14,29
8595602543816;7,85
8595602543748;14,94
8595602543731;8,34
Brit Mono Protein mokre karmy dla psów w puszkach;
8595602529735;4,83
8595602529766;4,83
8595602529728;4,83
8595602529773;4,83
8595602529797;4,83
8595602529742;4,83
8595602529780;4,83
8595602529759;4,83
Brit Pate&Meat mokre karmy dla psów w puszkach;
8595602530274;4,16
8595602532315;7,13
8595602530281;4,16
8595602532322;7,13
8595602530304;4,16
8595602532346;7,13
8595602530441;4,16
8595602532360;7,13
8595602530335;4,16
8595602532384;7,13
8595602530311;4,16
8595602532353;7,13
8595602530267;4,16
8595602532308;7,13
8595602530298;4,16
8595602532339;7,13
8595602530328;4,16
8595602532377;7,13
Brit Premium przysmaki dla kotów;
8595602544059;3,61
8595602544066;3,61
8595602544073;3,61
Brit Premium mokre karmy dla kotów w puszkach ;
8595602545056;3,97
8595602545018;3,97
8595602545025;3,97
8595602545032;3,97
8595602545049;3,97
8595602545063;3,97
Brit Premium mokre karmy dla psów w puszkach ;
8595602538591;3,11
8595602538539;3,11
8595602538683;3,11
8595602538621;3,11
8595602538652;3,11
8595602538560;3,11
8595602538607;5,46
8595602538546;5,46
8595602538690;5,46
8595602538638;5,46
8595602538669;5,46
8595602538577;5,46
Brit Premium suche karmy dla psów;
8595602526444;27,27
8595602526451;57,12
8595602526468;100,86
8595602526420;28,30
8595602526437;109,82
8595602526475;27,27
8595602526482;100,86
8595602526581;26,03
8595602526604;94,70
8595602526345;9,20
8595602526352;26,39
8595602526369;56,11
8595602526376;97,04
8595602526314;9,92
8595602526321;28,30
8595602526338;109,82
8595602526284;13,31
8595602526291;27,27
8595602526307;66,58
8595602526253;13,81
8595602526260;28,40
8595602526246;70,43
8595602526383;13,03
8595602526390;26,39
8595602526406;64,65
8595602530175;97,04
8595602526611;11,60
8595602526628;33,22
8595602526635;69,34
8595602526642;127,33
8595602526666;27,53
8595602526673;105,23
8595602526512;27,51
8595602526529;104,20
8595602526499;28,28
8595602526505;109,82
Brit Premium mokre karmy dla kotów w batonach;
8595602532773;2,18
8595602532797;2,18
8595602532780;2,18
Brit Premium mokre karmy dla psów w batonach ;
8595602525935;5,12
8595602531226;5,12
8595602531288;5,12
8595602531271;5,12
8595602531257;5,12
8595602531233;5,12
8595602531295;5,12
8595602531240;5,12
Brit Training Snack przysmaki dla psów;
8595602503247;7,96
8595602503254;15,06
8595602503216;5,35
8595602503223;7,96
8595602503346;5,35
8595602503353;7,96
8595602503186;5,35
8595602503193;7,96
8595602503278;7,96
8595602503285;15,06
Let's Bite przysmaki dla psów;
8595602539581;21,68
8595602539574;6,94
8595602539635;6,94
8595602539628;21,68
8595602539611;6,94
8595602539604;21,68
8595602539598;6,94
8595602539543;6,34
8595602540266;0,91
8595602539451;21,68
8595602539444;6,34
8595602539499;6,34
8595602540259;0,91
8595602539482;6,34
8595602539475;21,68
8595602539468;6,34
8595602539529;6,34
8595602539567;6,34
8595602540273;0,91
8595602539512;6,34
8595602539536;8,52
8595602539505;6,34
8595602539550;6,34
